{"general": {"bleu_test": [0.08306066240249711, 0.11191045471899971, 0.15447010719212606, 0.1831595021156522, 0.20312370235056715, 0.22785252514701304, 0.2623587434029542, 0.281333349596162, 0.28246943523531465, 0.31238753454444373, 0.33431943432684325, 0.3561187869815037, 0.3684751443739367, 0.3784481887698815, 0.4065357702568676, 0.4123103942382934, 0.41190256533579056, 0.43566204813293147, 0.440310958030558, 0.44937095025642826, 0.44674752513244304, 0.4601777975715752, 0.47530487783697456, 0.4694489938306059, 0.48716200715568886, 0.4865663746355181, 0.47557746377664284, 0.49121605676633395, 0.49327838673056573, 0.49199674789234854, 0.5108153572355844, 0.4977727939678637, 0.49479981014896146, 0.49988119343713333, 0.4977047506070262, 0.5054572606346707, 0.5025501102409531, 0.498280160944092, 0.49810616537785457, 0.510105210879362, 0.5087296195088054, 0.5102409263406599, 0.5060782903314005, 0.511249608105605, 0.5093663548221473, 0.4997745488536754, 0.5027556042968062, 0.5060593182918416, 0.5080773527812068, 0.50188325811956], "avg_train_loss": [0.07910060831559813, 0.05361170733031811, 0.04601853764220619, 0.040954479984094995, 0.03677476525921123, 0.03313218240757391, 0.02986343379012808, 0.027048749913504345, 0.0245522693369067, 0.022330783544481234, 0.020308407369342096, 0.018449865240282345, 0.01679511969798759, 0.015435693799133583, 0.014116829947879038, 0.012914775634083223, 0.011836829283619326, 0.010745293339333111, 0.01001023301108621, 0.009168176749018535, 0.008440970173202507, 0.007876747206388183, 0.007146884346070902, 0.007016619336833451, 0.0064137351739839, 0.005767187671497686, 0.005350637828476012, 0.00510417677619329, 0.004711565872516472, 0.004486924526954131, 0.00418504164438703, 0.0038961588971945004, 0.0037630939046302265, 0.0036026214314732446, 0.003472221950233, 0.0032841366758568444, 0.0030542864857927483, 0.0029141435738923565, 0.0029911114793945747, 0.0027113644757426622, 0.0025200902633887023, 0.0027124375835978357, 0.002504159679826011, 0.0023026290535057355, 0.00234984570820195, 0.002513312923862442, 0.002459124806258716, 0.002195154576928516, 0.002079261740741882, 0.001944194145071], "avg_test_loss": [0.17884391023041665, 0.1823883044329855, 0.17626104379479937, 0.17078857608588346, 0.16944182524377427, 0.16937783519495375, 0.1594509488539113, 0.15647728564201657, 0.1577688463788845, 0.15219116980360625, 0.15024670327592018, 0.14744529071650284, 0.14978463657956936, 0.14621105723454908, 0.14526535547538796, 0.1448898953024984, 0.14587981955319798, 0.14335997830980204, 0.14676239558218268, 0.14385072720235473, 0.14558066666228842, 0.14652785520340203, 0.14486622512853495, 0.1493705900421241, 0.14425914289618932, 0.14922497220170683, 0.15003655694437928, 0.14883648836263896, 0.14894569468990662, 0.15356487928282167, 0.15089342218668245, 0.15516116697078317, 0.15705069453293607, 0.1552766123449946, 0.15566326911190906, 0.15609938244811433, 0.1600534357835832, 0.16242422027555062, 0.1623959979891982, 0.15909167170114238, 0.1589433039424752, 0.16114047110696259, 0.1609034248965948, 0.16481782893510777, 0.16472229946295694, 0.17031901705490743, 0.17170479088354848, 0.17094668463872756, 0.17433666500700526, 0.17439545991088354]}, "dot": {"bleu_test": [0.05632019121923955, 0.12332712891608871, 0.14783369971468582, 0.16616716420178357, 0.20842168866969177, 0.22452189418997404, 0.2499514473681506, 0.2847811386277898, 0.29584675582908804, 0.33092339385713704, 0.3341491634025807, 0.35739879137624475, 0.3527778641784714, 0.3664851895550252, 0.39647565843213867, 0.39720782069817245, 0.40530158214660283, 0.4058211660225048, 0.43927742175986073, 0.44241106544771336, 0.4400333207543093, 0.44017746559577997, 0.4584205980677772, 0.46760983286789465, 0.4725393389823178, 0.48139987346549906, 0.4719766584780263, 0.4724819822233445, 0.486481406291909, 0.4844899067118672, 0.4885224817419621, 0.4900580728595325, 0.49818758626560855, 0.4908101001051263, 0.4969305309104243, 0.4880591763091827, 0.4972957359138636, 0.4985850853193036, 0.5065964333822638, 0.4956654637270745, 0.4992400021851889, 0.4960540413816666, 0.5033036415442379, 0.4993970977186928, 0.500408027473087, 0.5073208357058534, 0.5018043185136412, 0.49853427873640205, 0.5015480649481828, 0.4996403058174924], "avg_train_loss": [0.0796754725489718, 0.05474461018778315, 0.046716290110107944, 0.04131368620205769, 0.036973913130008515, 0.03328667713094984, 0.03002355747460322, 0.02717910225169037, 0.024688026697084062, 0.02247146738824081, 0.020424983076092612, 0.018638731133064895, 0.017053193501388356, 0.015653376332125078, 0.014334395343803147, 0.013102915686855262, 0.012024203916937534, 0.01099613236741056, 0.01013909893272151, 0.0093348838166482, 0.008536245208369448, 0.007893348927281309, 0.0072917497225868716, 0.006709706723301672, 0.006231414363024405, 0.005803046894220716, 0.005357968292642773, 0.004943546240668022, 0.004739279136297873, 0.0044338607789824866, 0.004185946978687324, 0.003927466173464369, 0.0036510983189464857, 0.0034689061683485342, 0.0032797040285378314, 0.0031571369942414973, 0.0029960332628001527, 0.002843834873863803, 0.0027966253672472223, 0.002685887747213533, 0.0025015493780070216, 0.0023340031654613554, 0.00229830474645366, 0.0021979617891226553, 0.0021346057069161913, 0.0020248010335431237, 0.0019988852764910837, 0.0019409817217879172, 0.0019034736650377052, 0.0018037740067973463], "avg_test_loss": [0.18248920001589697, 0.17643966475780573, 0.17541674451450473, 0.17093009105442725, 0.1659331099096551, 0.16298334015831478, 0.1595703488578074, 0.1553499608359936, 0.15432366128632616, 0.15282599876751793, 0.150055525943047, 0.14854092195809607, 0.15181324557880527, 0.1476792610040425, 0.14302834817136217, 0.14709167005478208, 0.1471637968044478, 0.15230715864701855, 0.1394175538302699, 0.1453490104404456, 0.1448324143168438, 0.14839026049779738, 0.14609678199902665, 0.1465317704386227, 0.1461734536797988, 0.14604497586798545, 0.15007680880223206, 0.1530864655253399, 0.1492288678935801, 0.1507863154099443, 0.15372047510491796, 0.15501101774110645, 0.1555600669010576, 0.15822118787470044, 0.15973857604287783, 0.15759832087564388, 0.15915050174201006, 0.16834458929331086, 0.16261319480131087, 0.16774127333586886, 0.16943397435797267, 0.16961407040770002, 0.16641214761799666, 0.16964261662118815, 0.16821018492293235, 0.1702518468264253, 0.17369485804218024, 0.17597627855208983, 0.17682305865772005, 0.17715345756527479]}, "concat": {"bleu_test": [0.07274845103846758, 0.15435479326519969, 0.17932201656260838, 0.21805101911636743, 0.25333439257768636, 0.2741757762164663, 0.3033257468592083, 0.3294741494493027, 0.3480039059265669, 0.37635218551325106, 0.3956070311426946, 0.4170421048502578, 0.4352003000629356, 0.44496665048901535, 0.44516728383875376, 0.4652277248105181, 0.47038854006198094, 0.4654357802864187, 0.48753830298867107, 0.4849708320479282, 0.4948750412024434, 0.496839283429317, 0.5029926230728033, 0.5028685577815158, 0.5148262736582596, 0.521355309189399, 0.5189630252091507, 0.5183408066721716, 0.5210583329264202, 0.5130439698757235, 0.5151612546348293, 0.5245588636639335, 0.5253660964378671, 0.5162140715985322, 0.519596561826308, 0.5235242088736127, 0.5178288192011702, 0.5281168566159186, 0.523619020646635, 0.5267505292847061, 0.5201774415104635, 0.5205701436619607, 0.5347730891803661, 0.5257195136591472, 0.5285294100055937, 0.5262661503455744, 0.5275918299693724, 0.5237701682021568, 0.527495029480292, 0.5274377073909058],